Id,NAME,ADDRESS,CITY,STATE,ZIP,LAT,LON,PHONE,REVENUE,UTILIZATION
69176529-fd1f-3b3f-abce-a0a3626769eb,MOUNT AUBURN HOSPITAL,330 MOUNT AUBURN STREET,CAMBRIDGE,MA,02138,42.375967,-71.118275,6174923500,0.0,390
5e765f2b-e908-3888-9fc7-df2cb87beb58,STURDY MEMORIAL HOSPITAL,211 PARK STREET,ATTLEBORO,MA,02703,41.931653,-71.294503,5082225200,0.0,393
f1fbcbfb-fcfa-3bd2-b7f4-df20f1b3c3a4,LAWRENCE GENERAL HOSPITAL,ONE GENERAL STREET,LAWRENCE,MA,01842,42.700273,-71.161357,9786834000,0.0,2127
e002090d-4e92-300e-b41e-7d1f21dee4c6,CAMBRIDGE HEALTH ALLIANCE,1493 CAMBRIDGE STREET,CAMBRIDGE,MA,02138,42.375967,-71.118275,6176652300,0.0,546
ef6ab57c-ed94-3dbe-9861-812d515918b3,CAPE COD HOSPITAL,88 LEWIS BAY ROAD,HYANNIS,MA,02601,41.748854,-70.74053599999998,5087711800,0.0,486
fbf6180e-b800-3ebe-b91d-93d0288c400e,BAYSTATE FRANKLIN MEDICAL CENTER,164 HIGH STREET,GREENFIELD,MA,01301,42.614671,-72.597063,4137730211,0.0,392
8b58cdd1-3d79-3126-8fe0-da2c54d6805c,CARNEY HOSPITAL,2100 DORCHESTER AVENUE,BOSTON,MA,02124,42.33196,-71.020173,6175062000,0.0,87
ecc51621-0af3-3b35-ac3e-8b1e34022e92,SAINT ANNE'S HOSPITAL,795 MIDDLE STREET,FALL RIVER,MA,02721,41.725351,-71.094162,5086745600,0.0,294
5d4b9df1-93ae-3bc9-b680-03249990e558,HOLYOKE MEDICAL CENTER,575 BEECH STREET,HOLYOKE,MA,01040,42.211656,-72.642448,4135342500,0.0,349
37b4d73f-652d-3033-a16e-d97b9e8b4cda,ANNA JAQUES HOSPITAL,25 HIGHLAND AVENUE,NEWBURYPORT,MA,01950,42.812141,-70.886646,9784631000,0.0,442
08bcda9c-f8c8-3244-82d4-fc306a7a55d3,BOSTON MEDICAL CENTER CORPORATION-,1 BOSTON MEDICAL CENTER PLACE,BOSTON,MA,02118,42.33196,-71.020173,6176388000,0.0,60
37c0de84-bcaf-3624-82bf-a89b2ac441b8,BEVERLY HOSPITAL CORPORATION,85 HERRICK STREET,BEVERLY,MA,01915,42.556659,-70.84496,9789223000,0.0,584
4861d01f-019c-3dac-a153-8334e50919f9,NORTH SHORE MEDICAL CENTER -,81 HIGHLAND AVENUE,SALEM,MA,01970,42.50128,-70.897502,9787411215,0.0,509
a0b6ec0c-e587-3b2a-bf9f-248849f29ee5,ST ELIZABETH'S MEDICAL CENTER,736 CAMBRIDGE STREET,BRIGHTON,MA,02135,42.33196,-71.020173,6177893000,0.0,173
4f3a530e-a2f7-3de0-9a09-c0a70a9ab894,BERKSHIRE MEDICAL CENTER INC - 1,725 NORTH STREET,PITTSFIELD,MA,01201,42.452045,-73.26054,4134472000,0.0,799
f71ce1a9-cca7-3295-9a1e-c88ac3479b6f,MARLBOROUGH HOSPITAL,157 UNION STREET,MARLBOROUGH,MA,01752,42.349617,-71.547214,5084815000,0.0,315
c44f361c-2efb-3050-8f97-0354a12e2920,SIGNATURE HEALTHCARE BROCKTON HOSPITAL,680 CENTER STREET,BROCKTON,MA,02302,42.082543,-71.024638,5089417000,0.0,527
331f4c11-d298-308b-aaa1-d7825b29b57f,CLINTON HOSPITAL ASSOCIATION,201 HIGHLAND STREET,CLINTON,MA,01510,42.411887,-71.690005,9783683000,0.0,209
b1ddf812-1fdd-3adf-b1d5-32cc8bd07ebb,BETH ISRAEL DEACONESS HOSPITAL - PLYMOUTH,275 SANDWICH STREET,PLYMOUTH,MA,02360,41.897892,-70.62403,5087462000,0.0,29
6be05ccf-ef94-341f-a2a3-1cf9bfde1b18,ADCARE HOSPITAL OF WORCESTER INC,107 LINCOLN STREET,WORCESTER,MA,01605,42.269478,-71.807783,5087999000,0.0,91
fd328395-ab1d-35c6-a2d0-d05a9a79cf11,MERCY MEDICAL CTR,271 CAREW STREET,SPRINGFIELD,MA,01104,42.115454,-72.539978,4137489000,0.0,306
d692e283-0833-3201-8e55-4f868a9c0736,HALLMARK HEALTH SYSTEM,585 LEBANON STREET,MELROSE,MA,02176,42.455723,-71.05901899999998,7819793000,0.0,947
d78e84ec-30aa-3bba-a33a-f29a3a454662,MASSACHUSETTS GENERAL HOSPITAL,55 FRUIT STREET,BOSTON,MA,02114,42.33196,-71.020173,6177262000,0.0,20
8ad64ecf-c817-3753-bee7-006a8e662e06,MORTON HOSPITAL,88 WASHINGTON STREET,TAUNTON,MA,02780,41.903323,-71.094984,5088287000,0.0,357
23834663-ed53-3da9-b330-d6e1ecb8428e,SOUTHCOAST HOSPITAL GROUP  INC,363 HIGHLAND AVENUE,FALL RIVER,MA,02720,41.725351,-71.094162,5086793131,0.0,154
44bef9d3-91c2-3005-93e0-ccf436348ff0,MASSACHUSETTS EYE AND EAR INFIRMARY -,243 CHARLES STREET,BOSTON,MA,02114,42.33196,-71.020173,6175237900,0.0,258
60457c13-adb2-3415-82c5-86ab5dab5f93,BAYSTATE MEDICAL CENTER,759 CHESTNUT STREET,SPRINGFIELD,MA,01199,42.115454,-72.539978,4137940000,0.0,273
a9f20dc1-5147-3789-bcef-bbecb41c5983,HOLY FAMILY HOSPITAL,70 EAST STREET,METHUEN,MA,01844,42.742751,-71.178588,9786870156,0.0,377
03347b4d-994e-302b-848b-58019a4e274d,EMERSON HOSPITAL -,133 OLD ROAD TO 9 ACRE CORNER,W CONCORD,MA,01742,42.269478,-71.807783,9783691400,0.0,432
cb6a50e0-af76-3758-99ad-3200ede03fff,BETH ISRAEL DEACONESS MEDICAL CENTER,330 BROOKLINE AVENUE,BOSTON,MA,02215,42.33196,-71.020173,6176677000,0.0,13
9a7149fa-49fc-3c87-b935-d29c55808717,NEW ENGLAND BAPTIST HOSPITAL,125 PARKER HILL AVENUE,BOSTON,MA,02120,42.33196,-71.020173,6177545800,0.0,31
24cb4eab-6166-3530-bddc-a5a8a14a4fc1,MILFORD REGIONAL MEDICAL CENTER,14 PROSPECT STREET,MILFORD,MA,01757,42.158692,-71.521419,5084731190,0.0,198
db0acede-4abe-3c01-8d03-5c68a190d8c7,SOUTH SHORE HOSPITAL,55 FOGG ROAD,SOUTH WEYMOUTH,MA,02190,42.24158900000001,-71.082651,7813408000,0.0,382
3d10019f-c88e-3de5-9916-6107b9c0263d,NEWTON-WELLESLEY HOSPITAL,2014 WASHINGTON STREET,NEWTON,MA,02462,42.331876,-71.208402,6172436000,0.0,90
12c9daf5-a29c-36c9-ac55-28972463e566,BETH ISRAEL DEACONESS HOSPITAL-MILTON INC,199 REEDSDALE ROAD,MILTON,MA,02186,42.24158900000001,-71.082651,6176964600,0.0,335
27379046-608b-32f0-9df7-8c833cf5d11d,BRIGHAM AND WOMEN'S HOSPITAL,75 FRANCIS STREET,BOSTON,MA,02115,42.33196,-71.020173,6177325500,0.0,234
226098a2-6a40-3588-b5bb-db56c3a30a04,GOOD SAMARITAN MEDICAL CENTER,235 NORTH PEARL STREET,BROCKTON,MA,02301,42.082543,-71.024638,5084273000,0.0,652
b7175ab4-bde5-3848-891b-579bccb77c7c,TUFTS MEDICAL CENTER,800 WASHINGTON STREET,BOSTON,MA,02111,42.33196,-71.020173,6176365000,0.0,305
d733d4a9-080d-3593-b910-2366e652b7ea,BRIGHAM AND WOMEN'S FAULKNER HOSPITAL,1153 CENTRE STREET,BOSTON,MA,02130,42.33196,-71.020173,6179837000,0.0,62
3bd5eda0-16da-3ba5-8500-4dfd6ae118b8,NORWOOD HOSPITAL,800 WASHINGTON STREET,NORWOOD,MA,02062,42.18736,-71.195955,5087721000,0.0,392
d5117822-5756-389d-9547-891a372d580f,FALMOUTH HOSPITAL,67 & 100 TER HEUN DRIVE,FALMOUTH,MA,02540,41.57072,-70.556682,5085485300,0.0,276
f99c74cc-7d1a-3f95-9a33-4a9357bf2f2a,UMASS MEMORIAL MEDICAL CENTER INC,55 LAKE AVENUE NORTH,WORCESTER,MA,01655,42.269478,-71.807783,5083341000,0.0,318
6f122869-a856-3d65-8db9-099bf4f5bbb8,LAHEY HOSPITAL & MEDICAL CENTER  BURLINGTON,41 & 45 MALL ROAD,BURLINGTON,MA,01803,42.503227,-71.201713,7817445100,0.0,182
465de31f-3098-365c-af70-48a071e1f5aa,METROWEST MEDICAL CENTER,115 LINCOLN STREET,FRAMINGHAM,MA,01701,42.307905,-71.436196,5083831000,0.0,79
1eaf97fa-9de6-38de-a9c4-6efe5dc574be,ST VINCENT HOSPITAL,123 SUMMER STREET,WORCESTER,MA,01608,42.269478,-71.807783,5083635000,0.0,47
161a799c-4894-36f6-8ca7-2a71c8107f79,ATHOL MEMORIAL HOSPITAL,2033 MAIN STREET,ATHOL,MA,01331,42.593384,-72.230228,9782493511,0.0,156
956ccb85-bea0-30f9-af48-52f5dd95ff72,FRANCISCAN CHILDREN'S HOSPITAL & REHAB CENTER,30 WARREN STREET,BRIGHTON,MA,02135,42.33196,-71.020173,6172543800,0.0,205
d7b11827-25f2-350b-bcd8-939fc59851b0,BOSTON CHILDREN'S HOSPITAL,300 LONGWOOD AVENUE,BOSTON,MA,02115,42.33196,-71.020173,6177356000,0.0,120
5103c940-0c08-392f-95cd-446e0cea042a,SHRINERS' HOSPITAL FOR CHILDREN (THE),516 CAREW STREET,SPRINGFIELD,MA,01104,42.115454,-72.539978,4137872000,0.0,494
ff9863d3-3fa3-3861-900e-f00148f5d9c2,SHRINERS' HOSPITAL FOR CHILDREN - BOSTON  THE,51 BLOSSOM STREET,BOSTON,MA,02114,42.33196,-71.020173,6177223000,0.0,125
72a10c1a-ee7c-3a01-97b1-33f63244c13e,Edith Nourse Rogers Memorial Veterans Hospital (Bedford VA),200 Springs Rd.,Bedford,MA,01730,42.503376,-71.272644,781-687-2000,0.0,245
05462bf2-25d4-3ecd-afdf-bb3e1140929a,Causeway OPC,251 Causeway St.,Boston,MA,02114,42.3665,-71.05931,800-865-3384,0.0,260
c1c0c43e-ca87-3ee5-9549-be3f28afde81,Greenfield Outpatient Clinic,143 Munson Street,Greenfield,MA,01301,42.580627,-72.623634,413-773-8428 Or 413-773-8428,0.0,43
cb72194a-b1fd-3089-afb6-cb8bb61f4f9c,Plymouth Outreach Clinic,116 Long Pond Road,Plymouth,MA,02360,41.924313,-70.656654,800-865-3384,0.0,126
18f774ab-db01-37ba-95c4-44c4eab47089,Quincy Outpatient Clinic,110 West Squantum Street,Quincy,MA,02169,42.272617,-71.03133,800-865-3384,0.0,45
37eb7694-de8f-3407-b95f-1a6a31fb0f6a,Springfield Outpatient Clinic,25 Bond Street,Springfield,MA,01104,42.110065,-72.60007,413-731-6000 Or 413-731-6000,0.0,184
d311e70d-86e7-3c03-b115-53892bcf7ef1,Worcester Outpatient Clinic,605 Lincoln Street,Worcester,MA,01605,42.297756,-71.766815,508-856-0104 Or 508-856-0104,0.0,547
3a2242e0-de37-303b-bdfc-e160c7eae518,Worcester Vet Center,255 Park Ave Suite # 900,Worcester,MA,01609,42.265556,-71.818665,508-753-7902,0.0,109
73261f58-9c5a-3dae-833a-92148d5b7072,PCP876,202 BURLINGTON RD,BEDFORD,MA,01730-1407,42.499295000000004,-71.281889,781-271-8811,0.0,89
13565c20-feac-36cb-ab5c-cef3e6a7dd8f,PCP2306,115 MILL ST,BELMONT,MA,02478-1041,42.395317,-71.180284,617-855-2683,0.0,84
20407251-085a-3849-aec4-9ae82cc81ac5,PCP2638,32 ANDREW RD,SWAMPSCOTT,MA,01907-1929,42.468059000000004,-70.89126,781-599-7781,0.0,68
b9c8d3c5-c419-3eb0-9122-0dea8e5664a3,PCP4083,BARRE OPTICAL,BARRE,MA,01005,42.418848,-72.10659799999999,978-355-2191,0.0,60
973e7384-d05b-32ad-a8cc-c39191ee9150,PCP7483,152 N ST,PITTSFILED,MA,01201,42.452045,-73.26054,413-443-8480,0.0,97
32836213-4ac7-3021-aad8-6383f3ced351,PCP9022,1 HOLLYWOOD DR,GRAFTON,MA,01536-1614,42.209151,-71.683644,508-839-3616,0.0,28
43e903b1-abff-3a6f-afe8-64372c66dcdb,PCP9109,1330 BEACON ST,BROOKLINE,MA,02446-3203,42.323853,-71.142003,617-571-4831,0.0,48
70c2b603-7765-3546-922c-132e95e7e70b,PCP9507,53 A S MAIN ST,SOUTH DEERFIELD,MA,01373-1027,42.481395,-72.589793,413-658-7169,0.0,70
a2f4cbd8-c8b2-3ab9-9161-d288837a2139,PCP10056,27 GLEN ST,STOUGHTON,MA,02072-2481,42.119006,-71.10365,781-784-5778,0.0,49
df98ec89-56ee-380f-9f1d-671ef1039720,THE EYE CARE CENTER  INC.,10 TECHNOLOGY DR,HUDSON,MA,01749-2791,42.389071,-71.545864,978-568-8228,0.0,49
036c2612-ef37-3468-9424-255570c84216,PCP11124,88 WHARF ST,MILTON,MA,02186-3433,42.241557,-71.082432,617-298-1608,0.0,64
2e5db71a-a3b2-32ea-9c0f-2b698f1d756a,PCP12679,435 NEWBURY ST,DANVERS,MA,01923-1065,42.574174,-70.95051600000001,978-777-7188,0.0,14
0e395cae-a0c5-3794-9a77-19654a835c12,PCP14251,218 BOSTON ST,TOPSFIELD,MA,01983-2200,42.641379,-70.94344,978-887-01011,0.0,53
dfc444d9-2f40-3d7a-b755-27771b64e2c4,PCP15618,116 PLEASANT ST,EASTHAMPTON,MA,01027-2756,42.265435,-72.670813,413-695-6633,0.0,61
1aff39b8-795f-3b7f-ba33-72648f3fa068,PCP16544,6 HASCALL ST,SHREWSBURY,MA,01545-2904,42.284766999999995,-71.714228,508-845-2778,0.0,110
9cc30835-37b7-309e-9503-f0cea4add0f2,PCP16675,4 S SPOONER ST,PLYMOUTH,MA,02360-4447,41.897892,-70.62403,508-747-0576,0.0,28
efe0e364-b8bb-346e-9a4f-57033b6524ba,PCP17289,1200 CONVERSE ST,LONGMEADOW,MA,01106-2074,42.047565000000006,-72.57113000000001,413-565-2840,0.0,100
707bfbf6-85d4-375f-b12a-43ff210ec187,PCP18175,432 GREENFIELD RD,MONTAGUE,MA,01351-8925,42.556616999999996,-72.517075,413-772-0612,0.0,99
9ad6e1c5-f73c-3b69-9fb5-a90e294388c7,PCP18978,1415 BEACON ST,BROOKLINE,MA,02446-4812,42.323853,-71.142003,617-651-0260,0.0,54
86f868e9-3325-3019-98d9-34ca2dc11f20,TANZMAN MASELLI AND ASSOCIATES PC,151 ASHLAND ST,N ADAMS,MA,01247-4522,42.675549,-73.11810799999998,413-662-2020,0.0,69
78a11f16-e161-3dfa-91fa-16af7109cea0,PCP23885,37 EDGERTON DR,NO FALMOUTH,MA,02556-2821,41.601508,-70.639317,508-563-3003,0.0,51
74b665dd-685a-36ff-8b64-cdaf28b37eab,PCP24938,14 PLEASANT ST,CAMBRIDGE,MA,02139-3212,42.376043,-71.11868,617-386-6552,0.0,47
73b36bb4-468a-3ea8-9cfc-ee11ee3d01d6,PCP25715,271 MAIN ST,STONEHAM,MA,02180-3580,42.474208000000004,-71.097665,617-868-0853,0.0,48
b4e47667-fc67-3ee7-950f-ead5e60cb397,PCP26037,48 IRVING ST,CAMBRIDGE,MA,02138-3007,42.376043,-71.11868,617-876-3234,0.0,65
04cbfe78-0d3f-3277-9476-2be9f8dc5191,PCP26077,26 HIGH ST,MILTON,MA,02186-3417,42.241557,-71.082432,617-698-6003,0.0,60
3e4baf39-79d2-3c5f-9419-293af2720a97,PCP26086,149 BELGRADE AVE,ROSLINDALE,MA,02131-2416,42.33196,-71.020173,617-327-4698,0.0,68
43df7bea-4fa3-304b-a1a5-c309a2967b1b,PCP26422,278 CENTRE ST,QUINCY,MA,02169-7522,42.261006,-71.008988,617-773-3200,0.0,28
1061b2b7-0167-35bc-916a-3b3207fe2bfc,PCP27026,82 MAIN ST,WAKEFIELD,MA,01880-1022,42.50436,-71.064061,781-621-8686,0.0,42
7d850377-1797-3452-a662-a9fdd680b13c,LORI LIEBERMAN AND ASSOCIATES LLC,6 WASHINGTON PL,SHARON,MA,02067-1904,42.108463,-71.185182,781-335-7559,0.0,91
717bd95a-c706-3226-ba67-c66eac8e3ae5,PCP27936,115 MILL ST,BELMONT,MA,02478-1064,42.395317,-71.180284,617-855-3348,0.0,72
52aaa98d-e9d4-32ed-a854-d2e221d29947,PCP28131,30 DOMINO DR,CONCORD,MA,01742-2802,42.462911,-71.364496,978-263-1611,0.0,72
f09fba12-a185-3d6e-8fa7-eeb7e037ed0c,PCP28483,175 DERBY,HINGHAM,MA,02043-4007,42.224319,-70.880673,781-588-0850,0.0,82
32634eb3-c12a-3303-8799-cc7dbd8e910c,PCP28523,1696 MASSACHUSETTS AVE,CAMBRIDGE,MA,02138-1803,42.376043,-71.11868,617-851-4185,0.0,45
f2e2f8e9-32ca-3f82-b950-03008f887e4b,PCP28589,1371 BEACON ST,BROOKLINE,MA,02446-4905,42.323853,-71.142003,617-232-2435,0.0,89
000ea339-3b3e-35be-b475-bd129c194e56,PCP32703,25 OLD WESTPORT RD,DARTMOUTH,MA,02747-2513,41.56651,-70.958229,508-990-9922,0.0,59
809b8287-b750-3105-8c9f-b06a3804fc4b,PCP32881,324 GROVE ST,WORCESTER,MA,01605-3936,42.269478,-71.807783,508-471-7165,0.0,28
0a34d743-8604-3f11-9419-ab4680b093ad,PCP35079,198 RUSSELL ST,WORCESTER,MA,01609-2200,42.269478,-71.807783,508-753-5554,0.0,100
cb75be4d-7394-3ebd-9930-4d4d3b27d82e,PCP37904,22 WOBURN ST,READING,MA,01867-3074,42.535183,-71.105423,781-944-1600,0.0,80
fccdb0ed-7461-32ab-97da-5bf9f3770844,MADDEN CHIROPRACTIC LLC,5 CHESHIRE RD,PITTSFIELD,MA,01201-1832,42.451840000000004,-73.260685,413-442-0913,0.0,73
b76d86f7-5e55-3d50-b910-2491c1a39d6a,PCP41983,56 DRIFTWAY DR,SCITUATE,MA,02066-4533,42.205062,-70.74297800000001,781-545-6565,0.0,74
db6e0cea-70b9-3cab-b8fe-1bd1b4b649c3,PCP42340,69 MALDEN ST,REVERE,MA,02151-2234,42.421005,-70.99036,781-284-3200,0.0,185
58f5b392-6bfd-3c4a-bfd6-061e7cf396b2,PCP44672,6 WESTRIDGE RD,HUDSON,MA,01749-2863,42.389071,-71.545864,978-568-0025,0.0,72
c9c9bbf0-c1c0-30fe-94d3-a908a24ebb48,PCP46837,61 MAIN ST,BLACKSTONE,MA,01504-2215,42.039991,-71.53240600000001,508-752-4709,0.0,35
8979fc79-bab8-34ba-b7a5-016443c958c5,OLIVIER GROUP PC,92 FAUNCE CORNER RD,DARTMOUTH,MA,02747-1262,41.56651,-70.958229,508-993-3000,0.0,51
7aee1c1b-17ab-3ea8-b413-bd01bf2baeab,PCP48360,57 WINGATE ST,HAVERHILL,MA,01832-5759,42.782945,-71.087436,978-374-0055,0.0,75
45fd49b8-43c9-32c8-a5cb-774703b4edc5,MARTONE CHIROPRACTIC AND WELLNESS CENTER PC,1 TEAL RD,WAKEFIELD,MA,01880-1223,42.50436,-71.064061,781-224-0202,0.0,70
ec000aef-606c-3d72-b54d-22248b3069f9,MIDDLETON FAMILY MEDICINE URGENT CARE  LLC,147 S MAIN ST,MIDDLETON,MA,01949-2446,42.610513,-71.007118,978-774-2555,0.0,91
440c17c1-807a-3ebc-85f8-8585e22c374a,NEW DIMENSIONS IN HEALTH INC,1 SEAPORT LN,BOSTON,MA,02210-2013,42.338551,-71.018253,617-385-4543,0.0,28
f154839a-aee9-39c5-b2fb-a104e208ee7b,RHEUMATOLOGY ASSOCIATES PC,3377 MAIN ST,SPRINGFIELD,MA,01107-1111,42.115454,-72.539978,413-734-5661,0.0,57
7a98eb9d-972a-3df8-8e0a-b3c0187023af,PCP64749,155 MAPLE ST,SPRINGFIELD,MA,01105-1828,42.115454,-72.539978,413-734-3331,0.0,80
159c3f19-dc48-34d0-9e19-929a9959fcb5,PCP65131,751 FALL RIVER AVE,SEEKONK,MA,02771-5627,41.839797999999995,-71.31804699999999,508-336-0576,0.0,60
5db9c918-9e4d-38bb-a94c-2c031fcb6fb0,CRABBE CHIROPRACTIC  INC,132 S MAIN ST,ACUSHNET,MA,02743-2772,41.718216999999996,-70.901151,508-998-2800,0.0,45
d1af037a-3df9-3c83-babc-e5eea273018b,PCP68588,90 BERKSHIRE AVE,SPRINGFIELD,MA,01109-1709,42.115454,-72.539978,413-739-7968,0.0,88
9f1e8d45-bb02-32cc-aecb-4b0190101e35,NEUROLOGY PARTNERS PC,76 PARK ST,ATTLEBORO,MA,02703-2335,41.931653000000004,-71.294503,508-431-2026,0.0,107
8b607111-30ff-3014-bf43-3a9d61993538,CHAMPIONSHIP PHYSICAL THERAPY LLC,57 PUTNAM ST,WINTHROP,MA,02152-2902,42.375541,-70.970646,617-846-5609,0.0,68
d9aed10c-3655-3a5f-8727-ddb14d964cf0,PCP80782,316 W MAIN ST,NORTON,MA,02766-2100,41.965340999999995,-71.18178,508-223-5552,0.0,41
0507f525-c041-34d0-b731-f39f2b7239c0,PCP83022,32 E NORTHFIELD RD,NORTHFIELD,MA,01360-9668,42.677091,-72.453876,413-773-0009,0.0,34
5689af00-7587-3a57-a9d5-d916e6f7de6b,CAMBRIDGE EYE GROUP INC,603 CONCORD AVE,CAMBRIDGE,MA,02138-1197,42.376043,-71.11868,617-818-0476,0.0,53
788271b2-4ace-3d36-8112-b7c8cfbdd3fd,PCP85294,12 ARROW ST,CAMBRIDGE,MA,02138-5105,42.376043,-71.11868,,0.0,7
bc7682db-e180-3af0-b1c2-1c832db01d63,DUFER LLC,15 CHANNEL CTR ST,BOSTON,MA,02210-3423,42.338551,-71.018253,617-608-3695,0.0,48
e1328146-3c02-3593-a89c-1a943b780be7,PSYCHIATRIC ASSOCIATES OF LYNN PC,173 OXFORD ST,LYNN,MA,01901-1117,42.474862,-70.96218499999999,781-268-2200,0.0,57
187674f4-8252-314f-a97c-d80acf51d977,PCP92449,2 ALLEN ST,HAMPDEN,MA,01036-9552,42.071188,-72.41771800000001,,0.0,130
f9d686d4-0133-30a3-ab72-80c9e93921f4,PCP95496,169 N FRANKLIN ST,HOLBROOK,MA,02343-1111,42.140346,-70.997861,,0.0,49
05b5cba1-a2d2-3b39-a88e-13b3fc884dd4,PCP99717,45 RESNIK RD,PLYMOUTH,MA,02360-4883,41.897892,-70.62403,508-746-7858,0.0,23
3f6b47c8-cace-367c-9d78-c518c184365f,PCP100150,33 UNION ST,SOUTH WEYMOUTH,MA,02190-2314,42.206676,-70.94584499999998,,0.0,63
6f72fdcc-46a5-330a-b956-d915dd5cbc0a,PCP102335,216 CENTRE ST,MALDEN,MA,02148-5526,42.42938,-71.058706,,0.0,101
5181acd0-4c26-3172-9068-138966873eb6,PCP102671,22 W ST,MILLBURY,MA,01527-2622,42.192246000000004,-71.777649,,0.0,65
1977f8c2-6ece-3f46-8c60-b5961bb867a9,PCP104777,250 COPELAND ST,QUINCY,MA,02169-4073,42.261006,-71.008988,617-471-3131,0.0,33
9098c4b0-6b32-35c8-8094-9adb8dce7390,PCP105118,121 NANTASKET AVE,HULL,MA,02045-3106,42.340233000000005,-70.883301,,0.0,48
86db1590-c568-39d8-9d28-add256c6f13e,DEBS CHIROPRACTIC P.C.,352 BOSTON TPKE,SHREWSBURY,MA,01545-3873,42.284766999999995,-71.714228,508-425-3305,0.0,46
d9242200-7588-3df0-8ff0-61a45b07c487,PCP114043,32 NYE AVE,ACUSHNET,MA,02743-2750,41.718216999999996,-70.901151,,0.0,269
97b2f36e-0a19-387f-b29f-c8f4346c4c55,PCP118115,73 CHURCH ST,NORTH ADAMS,MA,01247-4144,42.675551,-73.11810899999999,,0.0,65
c4aa0990-a6d8-3d5f-a6d9-f640761ec82d,PCP123085,200 WALNUT ST,SAUGUS,MA,01906-1175,42.468432,-71.01394599999999,,0.0,68
ec2528f8-b313-31e3-81e9-a3a4141ab99f,PCP123325,239 BOSTON,TOPSFIELD,MA,01983-2215,42.641379,-70.94344,,0.0,91
2fae7095-f7b6-3502-8163-90fa64f6b57b,PCP135905,5 PRECINCT ST,LAKEVILLE,MA,02347-1468,41.834412,-70.957166,,0.0,37
682d6a3c-36bf-39ff-b4ca-6c0af054c7d0,PCP147428,9 A DR OSMAN BABSON RD,GLOUCESTER,MA,01930-1812,42.62885,-70.685875,,0.0,33
150d4bec-d11c-3014-8818-45127743725d,PCP155636,69 BAYVIEW AVE,BERKLEY,MA,02779-1924,41.838060999999996,-71.07761500000001,,0.0,68
63dcaf56-0eaa-394f-a3e4-f93a1b88a848,PCP155675,50 MAIN ST,TOPSFIELD,MA,01983-1831,42.641379,-70.94344,,0.0,103
7dbf8d9d-fc47-39df-9e54-649d6eb4f8d3,PCP156597,77 WARREN ST,BRIGHTON,MA,02135-3601,42.33196,-71.020173,,0.0,33
5871fd9b-ad9a-34fc-9f2c-cf4af914bece,PCP161579,380 R MERRIMACK ST,METHUEN,MA,01844-5883,42.742751,-71.178588,,0.0,44
88a103f9-8486-3619-a47d-756669b258d0,PCP161890,1 BLACKBURN DR,GLOUCESTER,MA,01930-2237,42.62885,-70.685875,,0.0,69
6e0ddf7b-3aed-3426-b330-f8273486fc7c,PCP163033,147 S MAIN ST,MIDDLETON,MA,01949-2446,42.610513,-71.007118,,0.0,74
f3b73817-43cb-3762-8353-bcfb64aa9b10,PCP166078,120 STOCKWELL DR,AVON,MA,02322-1149,42.132461,-71.054013,508-232-4012,0.0,91
bab42c71-465a-37eb-b307-1f3153a99f04,PCP166700,934 ASHLEY BLVD,NEW BEDFORD,MA,02745-2410,41.661303000000004,-70.937913,,0.0,68
cb33ab8b-0747-335e-a017-90d122199bfb,PCP176667,214 MAIN ST,HANSON,MA,02341-1956,42.050239000000005,-70.867359,781-826-0011,0.0,50
34e3c79a-16d9-3443-a563-9e4fe53fca0c,BOSTON UNIVERSITY DERMATOLOGY INC,609 ALBANY ST,BOSTON,MA,02118-2515,42.338551,-71.018253,617-638-5566,0.0,58
242e5bbe-87a7-3a15-8847-8ff68aba0c09,DALTON MEDICAL ASSOCIATES  LLP,33 N ST,DALTON,MA,01226-1202,42.479819,-73.15377600000001,413-684-2110,0.0,37
f9ef9e4c-545b-3707-9134-4e8812ca0984,PCP190759,395 MAIN ST S,BARRE,MA,01005-9005,42.418848,-72.10659799999999,978-355-2191,0.0,69
dd4489b0-55cf-3372-a699-59e9f7a6daa2,MANET COMMUNITY HEALTH CENTER INC.,180 GEORGE WASHINGTON BLVD,HULL,MA,02045-3069,42.340233000000005,-70.883301,781-925-4550,0.0,71
4843461d-4b7b-37fb-9631-d4d7760afa1b,PCP199148,136 HIGH ST,LANCASTER,MA,01523-2056,42.483569,-71.675585,978-368-1227,0.0,49
860c886f-39b1-3fb4-9bff-d764058d012f,SOUTH SHORE OB-GYN HANOVER OB-GYN INC.,135 WEBSTER ST,HANOVER,MA,02339-1200,42.122956,-70.85631,,0.0,79
d35ae600-7dee-3e39-b28a-fedad28f9b20,PCP206078,100 HIGHLAND ST,MILTON,MA,02186-3801,42.241557,-71.082432,,0.0,44
874296a5-92a9-3fa4-a5fc-92130c1d831b,STANLEY STREET TREATMENT AND RESOURCES  INC,1010 S MAIN ST,FALL RIVER,MA,02724-2855,41.725351,-71.094162,508-235-5010,0.0,32
30ddd03e-9851-3445-a474-2df7e26ebeb4,MVNE1 PC,415 COOLEY ST,SPRINGFIELD,MA,01128-1149,42.115454,-72.539978,413-782-4878,0.0,72
b4f385ce-3f32-3097-9754-4ea83d91f11d,MASSACHUSETTS EXPRESS CARE PLLC,106 NEW STATE HWY,RAYNHAM,MA,02767-5446,41.930477,-71.046214,781-626-5500,0.0,56
c5751bc6-d920-3f4d-b191-c5148659b1a7,VALLEY MEDICAL GROUP  P.C.,238 NORTHAMPTON ST,EASTHAMPTON,MA,01027-1046,42.265435,-72.670813,413-529-9300,0.0,58
2f65e09a-bfda-3a04-b8f2-58632abc3cde,FAMILY CARE ASSOCIATES LLC,66 E MAIN ST,GEORGETOWN,MA,01833-2112,42.726188,-70.983328,978-352-7780,0.0,39
10d1452e-fe07-3a54-838e-c5aa28013ecd,MERRIMACK VALLEY PHYSICAL THERAPY,225 ESSEX ST,LAWRENCE,MA,01840-1553,42.700272999999996,-71.161357,978-208-0402,0.0,91
9f8adac8-38c6-354d-93d8-8af0215b66df,PARTNERS IN REHABILITATION LLC,421 MERRIMACK ST,METHUEN,MA,01844-5865,42.742751,-71.178588,978-689-4500,0.0,69
ce9b73b9-27c6-30ff-8b04-9cff8d5f9208,PCP226751,136 HIGH ST EXT,LANCASTER,MA,01523-2056,42.483569,-71.675585,978-365-7418,0.0,28
cdee2040-bd34-3ce9-8a40-c9a96686e8dc,PCP229863,25 MARSTON ST,LAWRENCE,MA,01841-2310,42.700272999999996,-71.161357,978-687-2587,0.0,89
5037c033-bb99-3453-9dc0-40d80d508e9f,ASSOCIATED PHYSICIANS OF HARVARD MEDICAL FACULTY PHYSICIANS AT BETH IS,199 REEDSDALE RD,MILTON,MA,02186-3900,42.241557,-71.082432,617-313-1615,0.0,38
e78cfad6-cc68-393f-bc00-ba462d78ad71,NORTH SUFFOLK MENTAL HEALTH ASSOCIATION  INC.,14 PORTER ST,EAST BOSTON,MA,02128-2116,42.375541,-70.970646,617-569-3189,0.0,38
ac004159-6e08-3d11-b813-1b4b43450f4a,CAPE COD ORTHOPEDICS AND SPORTS MEDICINE PC,130 N ST,HYANNIS,MA,02601,41.647227,-70.249978,508-775-8282,0.0,60
b1c7872c-86fe-3784-944d-8dcf1881ba1c,STEP AHEAD PHYSICAL THERAPY,5 MIDDLESEX AVE,SOMERVILLE,MA,02145-1102,42.390445,-71.101033,617-776-2227,0.0,68
c2839335-c7a7-3132-813f-132868475498,PCP247300,500 BROOKLINE AVE,BOSTON,MA,02215-5417,42.338551,-71.018253,,0.0,42
421baed1-a336-33c6-bc62-b647598be473,MT AUBURN PROFESSIONAL SERVICES,521 MT AUBURN ST,WATERTOWN,MA,02472,42.369451,-71.177925,617-926-9000,0.0,65
2b3212f5-4f6c-33c9-9a41-8bb9dcd561d1,PCP254372,56 WEBSTER ST,ROCKLAND,MA,02370-1737,42.129251000000004,-70.908736,978-762-3754,0.0,58
e068fd46-1fd8-3aa2-a8c3-7b36f04f2fb0,PCP264214,20 OLD MILL RD,SUTTON,MA,01590-1128,42.132051000000004,-71.75031800000001,508-865-6059,0.0,67
e9eba611-210c-3884-a948-8fe55b1fef69,PARTNERS COMMUNITY PHYSICIANS ORGANIZATION INC,260 MERRIMAC ST,NEWBURYPORT,MA,01950-2192,42.812141,-70.886646,978-499-7200,0.0,58
17031924-8f3c-3fde-8306-65be78c5eee9,MATRIX ANESTHESIA PC,680 CENTRE ST,BROCKTON,MA,02302-3308,42.082543,-71.024638,508-941-7642,0.0,63
a73d9755-246c-3e55-8d71-f720bc20e2e0,MASSACHUSETTS GENERAL PHYSICIANS ORGANIZATION  INC,151 EVERETT AVE,CHELSEA,MA,02150-1812,42.396824,-71.031348,617-884-8300,0.0,85
291a8a53-1a8b-3004-9a87-a1a00c836f1b,STEWARD MEDICAL GROUP  INC,ONE PEARL ST,BROCKTON,MA,02301-2874,42.082543,-71.024638,508-897-6111,0.0,102
630a681a-a38d-374b-92c2-a6aeb1f4024d,UMASS MEMORIAL MEDICAL GROUP  INC.,604 MAIN ST,SHREWSBURY,MA,01545-5663,42.284766999999995,-71.714228,508-842-6502,0.0,10
c6289818-905c-366d-97d4-1c1f66b0ff9f,TOTAL WELLNESS CENTERS  LLC,133 MAPLE ST,SPRINGFIELD,MA,01105-1896,42.115454,-72.539978,413-887-7376,0.0,28
2c3ab661-ba5f-376e-bd5b-b7ebd67fe5b6,MASS OPTOMETRIC ASSOCIATES  PLLC,700 BOSTON RD,BILLERICA,MA,01821-5394,42.559673,-71.260947,978-667-0481,0.0,71
0b85d7ff-f629-3fdc-89a1-c6d3aeeb6e39,GREATER BOSTON UROLOGY LLC,72 SHARP ST,HINGHAM,MA,02043-4362,42.224319,-70.880673,781-337-6737,0.0,69
e06b796a-2500-3191-814b-e898d063e977,BERKSHIRE FACULTY SERVICES INC,777 N ST,PITTSFIELD,MA,01201-4147,42.451840000000004,-73.260685,413-445-6420,0.0,85
8cdae3ae-0899-3fe5-a0f9-32ec749fdc91,SOUND PHYSICIANS OF MASSACHUSETTS II PC,150 YORK ST,STOUGHTON,MA,02072-1829,42.119006,-71.10365,,0.0,76
251985c1-3d5b-39cf-88f0-6545c1ee2e0d,LAHEY CLINIC  INC.,66 CONCORD ST X,WILMINGTON,MA,01887-2179,42.564646999999994,-71.164516,978-694-9610,0.0,28
dfa4e71c-6548-3fc2-bcc7-d3308d9de08b,MINUTECLINIC DIAGNOSTIC OF MASSACHUSETTS  LLC,19 SUMMER ST,BRIDGEWATER,MA,02324-2630,41.972376000000004,-70.978773,866-389-2727,0.0,71
becaf775-0041-30a7-9802-623266e93b53,PCP320227,84 NEWBURY ST,PEABODY,MA,01960-3806,42.534279,-70.969782,,0.0,68
16f8208c-09ed-3eb2-9285-cafaae007841,SIGNATURE HEALTHCARE MEDICAL GROUP INC,430 LIBERTY ST,HANSON,MA,02341-1113,42.050239000000005,-70.867359,781-293-3838,0.0,79
f8a62745-5062-3ec4-b60e-64d6bd9e27a7,ANAESTHESIA ASSOCIATES OF MASSACHUSETTS  PC,40 ALLIED DR,DEDHAM,MA,02026-6146,42.246871999999996,-71.179462,781-251-3750,0.0,33
4079f015-97b1-3afe-8595-de976a56c1fd,MICHAEL J COHN OD PLLC,48 AUBURN ST,AUBURN,MA,01501-2438,42.198708,-71.846006,508-832-9392,0.0,28
a0a19473-244f-32bb-9f3d-6f47a22bac12,UMASS MEMORIAL MEDICAL GROUP  INC.,65 CANAL ST,MILLBURY,MA,01527-3266,42.192246000000004,-71.777649,508-865-9960,0.0,68
e62f783b-5841-34fd-9fe9-aea63cda5664,NEW ENGLAND NEPHROLOGY ASSOCIATES,241 PARKINGWAY,QUINCY,MA,02169-5029,42.261006,-71.008988,617-847-1700,0.0,17
611b2b9d-9a21-3e38-a5d9-80ac5ff06d1b,MILFORD REGIONAL PHYSICIAN GROUP INC,12 UXBRIDGE RD,MENDON,MA,01756-1094,42.09387,-71.544519,,0.0,38
c98d0d3d-8a43-31a6-a107-9ea2cc7f024b,HALLMARK HEALTH MEDICAL ASSOCIATES INC,66 CONCORD ST L,WILMINGTON,MA,01887-2179,42.564646999999994,-71.164516,978-694-8999,0.0,40
c99d0534-fc55-3d43-89da-a97ca9736942,SENTIENT PHYSICIANS PC,119 SUMMIT AVE,WINTHROP,MA,02152-1037,42.375541,-70.970646,410-666-2588,0.0,80
829a88e4-565e-3a38-a0a6-94ade6404a38,TRU MEDICAL WALK IN CLINIC,140 NAUSET STREET,NEW BEDFORD,MA,2746,41.6614745,-70.9425593,508-990-8260,0.0,5
92819cdc-db9e-387e-8c4f-4b2b4e8b2e4f,SAINTS WALK-IN MEDICAL CENTER - URGENT CARE AND OCCUPATIONAL HEALTH,1230 BRIDGE STREET,LOWELL,MA,1850,42.6653405,-71.3038939,978-459-2273,0.0,5
0d1563c1-d56c-362e-9e3d-d74463ebbe0f,URGENT CARE MEDICAL CLINIC,629 PLEASANT STREET,BROCKTON,MA,2301,42.0892313,-71.04551,508-583-0010,0.0,9
0c127383-39c2-30f2-bd62-448ea6fe1385,FAMILY MEDICAL CENTER,210 WASHINGTON STREET,FAIRHAVEN,MA,2719,41.6420636,-70.8889896,508-992-5546,0.0,5
4e916854-3a59-3f17-bb16-7c406148d822,HANOVER FAMILY HEALTH AND URGENT CARE,1399 WASHINGTON STREET,HANOVER,MA,2339,42.144202,-70.844005,781-829-1000,0.0,18
7116c200-6663-3503-8314-1ee16845e5d3,SAINTS WALK-IN MEDICAL CENTER - URGENT CARE AND OCCUPATIONAL HEALTH,85 PARKHURST ROAD,CHELMSFORD,MA,1824,42.6257767,-71.3593401,978-458-6868,0.0,3
3265f387-6c51-32ee-8f6d-b2a89caa34d5,CHELSEA MGH HEALTH CENTER MEDICAL WALK IN,151 EVERETT AVENUE,CHELSEA,MA,2150,42.3961274,-71.0392206,617-884-8300,0.0,17
c63d0602-724d-3d74-958a-a31b1364eaef,HARVARD VANGUARD BRAINTREE PRACTICE URGENT CARE,111 GROSSMAN DRIVE,BRAINTREE,MA,2184,42.21004,-70.999539,781-849-1000,0.0,47
f15cf8e0-db9a-39b1-b78f-8a6a01cf574b,HAMPDEN COUNTY URGENT MEDICAL CARE CENTER,98 SHAKER ROAD,EAST LONGMEADOW,MA,1028,42.060999,-72.5146744,413-525-3958,0.0,8
cbbee84d-7644-3b24-9f41-e3747f5050df,FAMILY HEALTH CENTER,26 QUEEN STREET,WORCESTER,MA,1610,42.2590345,-71.8139319,508-860-7777,0.0,108
f1313c7d-3148-335b-adc3-337f15567b82,WINCHESTER HOSPITAL FAMILY MEDICAL CENTER,500 SALEM STREET,WILMINGTON,MA,1887,42.5805281,-71.1438654,978-988-6105,0.0,319
e3f1676b-9b40-3544-af4e-17a06bbb98bb,CODMAN SQUARE HEALTH CENTER,637 WASHINGTON STREET,DORCHESTER,MA,2124,42.2894365,-71.0719941,617-825-9660,0.0,11
a43fb751-96fe-3496-8750-73f85651866d,CONCENTRA URGENT CARE - WILMINGTON,66B CONCORD STREET,WILMINGTON,MA,1887,42.5587666,-71.1368606,978-657-3826,0.0,17
b81688f5-bd0e-3c99-963f-860d3e90ab5d,URGENT CARE MEDICAL CLINIC,581 BOYLSTON STREET,BOSTON,MA,2116,42.3505548,-71.0766054,617-247-1400,0.0,36
eeca3319-9cbf-382e-a7ee-43986c981135,TAUNTON WALK IN HEALTH CLINIC,58 TREMONT STREET,TAUNTON,MA,2780,41.9048719,-71.106073,508-822-2311,0.0,9
6e62e63b-c39a-3211-99d8-8b8f0f06774e,GREAT BROOK VALLEY HEALTH CENTER,19 TACOMA STREET,WORCESTER,MA,1605,42.3023113,-71.7661395,508-852-1805,0.0,35
62fa9127-485f-3032-87cc-6576d91fec94,LAHEY CLINIC NORTHSHORE,1 ESSEX CENTER DRIVE,PEABODY,MA,1960,42.5369864,-70.9465423,978-538-4000,0.0,22
b60f8daf-0362-3c28-9b54-216e7f3e80bd,FALMOUTH HOSPITAL CLINIC AT BOURNE,1 TROWBRIDGE ROAD,BUZZARDS BAY,MA,2532,41.740785,-70.5980121,508-743-0322,0.0,5
d672f853-e2a5-324e-98fa-c6d5f8dfc255,WALTHAM URGENT CARE,9 HOPE AVENUE,WALTHAM,MA,2453,42.3700513,-71.2490152,617-243-5591,0.0,1
c0aa05be-e636-316f-80d7-8b0b5d2eb194,EAST BOSTON NEIGHBORHOOD HEALTH CENTER URGENT CARE,10 GOVE STREET,BOSTON,MA,2128,42.3719882,-71.0386237,617-567-3600,0.0,1
27f06acd-f732-3871-be87-889fef7d9010,CONCENTRA URGENT CARE - GREENFIELD,489 BERNARDSTON ROAD,GREENFIELD,MA,1301,42.6087525,-72.5857131,413-772-5055,0.0,14
7ffe74ac-786d-3c6d-bcb9-323352f6149c,CONCENTRA URGENT CARE - SPRINGFIELD,140 CARANDO DRIVE,SPRINGFIELD,MA,1104,42.1463818,-72.5335973,413-746-4006,0.0,20
b06770b5-b695-3c1a-9685-ae2223966ff7,GENERAL HEALTH CARE,66 SOUTH WASHINGTON STREET,NORTH ATTLEBORO,MA,2760,41.9799756,-71.3329695,508-643-0100,0.0,11
a9afd4c9-8443-3b5a-a486-07c3bb109b3f,RIVER BEND MEDICAL GROUP - CHICOPEE OFFICE - URGENT CARE,444 MONTGOMERY STREET,CHICOPEE,MA,1020,42.1718584,-72.5849672,413-594-3111,0.0,2
9b5f23f1-c387-3a77-9359-752d26d7f997,FAMILY DOCTORS,250 PARADISE ROAD,SWAMPSCOTT,MA,1907,42.47636,-70.9125322,781-596-4150,0.0,5
108ccece-277a-396f-8bf2-1527f74458eb,ON CALL URGENT CARE CENTER,51 LOCUST STREET,NORTHAMPTON,MA,1060,42.3323152,-72.6545646,413-584-7425,0.0,25
f7a6cc79-3075-3124-9f62-6fe562440b1d,HAWTHORN MEDICAL URGENT CARE CENTER,237 STATE ROAD,NORTH DARTMOUTH,MA,2747,41.6392025,-70.9815648,508-961-0861,0.0,7
0f7f97f6-693c-3de9-8190-85feaf4632e2,CONCENTRA URGENT CARE - EAST BOSTON,1 HARBORSIDE DRIVE,EAST BOSTON,MA,2128,42.3634497,-71.0256963,617-568-6500,0.0,15
700056a6-3aea-3efd-8423-a9acbd38a5ea,ROUTE 44 MEDICAL WALK-IN,106 UNITED STATES HIGHWAY 44,RAYNHAM,MA,2767,41.9051941,-71.0609995,508-824-1476,0.0,3
308b5efa-a9c2-3728-b1ff-d29c5f060731,FALLON CLINIC URGENT CARE,630 PLANTATION STREET,WORCESTER,MA,1605,42.2925591,-71.7603169,508-595-2505,0.0,289
90cf148c-69ed-3d33-aa86-b509c6b0b25f,PROMPT CARE WALK-IN CLINIC,170 GOVERNORS AVENUE,MEDFORD,MA,2155,42.4259086,-71.1113649,781-306-6180,0.0,13
8badd524-2630-38a6-a9a3-9f77bf9a123c,BAYSTATE VISITING NURSE ASSOCIATION & HOSPICE,50 MAPLE STREET  P O BOX 9058,SPRINGFIELD,MA,01102,42.115454,-72.539978,4137815070,0.0,25
f891dd5d-2583-317e-b663-adb085e4fceb,HALLMARK HEALTH VNA AND HOSPICE  INC,178 SAVIN STREET  SUITE 300,MALDEN,MA,02148,42.43014,-71.057694,7813387800,0.0,16
571133e4-31ca-3fe4-81c0-d4769d58541a,COMMUNITY VISITING NURSE AGENCY  INC,10 EMORY STREET,ATTLEBORO,MA,02703,41.931653,-71.294503,5082220118,0.0,28
5034b467-92ad-35fe-9d25-7959302dc16c,BERKSHIRE VISITING NURSE ASSOCIATION,165 TOR COURT,PITTSFIELD,MA,01201,42.452045,-73.26054,4134473048,0.0,8
cb6eb076-9620-3071-abb2-4c2ff0a74151,NVNA AND HOSPICE,120 LONGWATER CIRCLE,NORWELL,MA,02061,42.164569,-70.818844,7816592342,0.0,16
4bd6f0dc-8db5-3d51-889a-d2baca7774c2,OVERLOOK VISITING NURSE ASSOCIATION INC,1 WELBY STREET,NEW BEDFORD,MA,02745,41.661303,-70.937913,5089908160,0.0,48
e829bb0c-15f4-3d80-a588-875867cbf636,MULTICULTURAL COMMUNITY SERVICES OF PIONEER VALLEY,1000 WILBRAHAM ROAD,SPRINGFIELD,MA,01109,42.115454,-72.539978,4137822500,0.0,60
dfa5090f-7138-30bf-a851-aff2d0829984,NORTHEAST CLINICAL SERVICES,89 NEWBURY STREET SUITE 202,DANVERS,MA,01923,42.574174,-70.95051600000002,9786465200,0.0,18
efa8bcea-84ae-38f9-9267-90543dc11231,FOSTER HEALTH SYSTEMS,4 CABOT PLACE  SUITE 1,STOUGHTON,MA,02072,42.119006,-71.10365,6172730111,0.0,26
6d9d2134-3b23-3c02-ad0f-d4e03ee1e414,BOSTON HOME CARE  LLC,12 A ELMWOOD STREET,REVERE,MA,02151,42.421005,-70.99036,7812242273,0.0,15
f1ee83dd-8637-353e-9284-2be79cee4721,A B HOME HEALTH CARE  LLC,1989 COLUMBUS AVENUE,BOSTON,MA,02119,42.338551,-71.018253,8572024000,0.0,30
1cf5db9e-c270-3b7c-bc30-b8a4184dc96f,BEST HEALTHCARE SERVICES  INC,459 BROADWAY SUITE 306,EVERETT,MA,02149,42.468898,-72.48457900000002,6173810050,0.0,45
0ad0a5dc-1b45-3cef-b95b-475e6aee4f02,BLISSFUL HOMECARE  LLC,90 SUTTON STREET  SUITE 3-4,NORTH ANDOVER,MA,01845,42.673909,-71.091334,9787255505,0.0,7
0b7fb3b1-a8a0-38c8-be58-b301f6bbc2d4,ROYAL COMFORT HOME CARE INC,599 CANAL STREET  3W-1,LAWRENCE,MA,01840,42.700273,-71.161357,9786886917,0.0,41
8d9c6c8f-3546-35ed-aa57-581b347ea5e9,XANADU HOME HEALTH LLC,12 WINTERBERRY HILL LANE,MIDDLEBOROUGH,MA,02346,41.878004,-70.86926700000002,5088139994,0.0,12
e1f286fc-2a0b-327f-9655-cb64978b8c84,ALL IN ONE CAREGIVERS LLC,37 MAIN STREET SUITE 6,TAUNTON,MA,02780,41.903323,-71.094984,5083459420,0.0,27
54c8188d-fdf5-3683-b5de-e9643f239be2,SOUTH SHORE VNA - HOSPICE,30 RESERVOIR PARK DRIVE,ROCKLAND,MA,02370,42.129251,-70.908736,(781) 843-0947,0.0,1
5c8fbbb5-f570-3031-9495-138dd887a14f,BAYSTATE VNA AND HOSPICE,50 MAPLE STREET  P O BOX 9058,SPRINGFIELD,MA,01102,42.115454,-72.539978,(413) 781-5070,0.0,2
6a6e42d3-8218-3066-9eec-6e535b6e6f9e,CARE DIMENSIONS  INC,75 SYLVAN STREET  SUITE B-102,DANVERS,MA,01923,42.574174,-70.95051600000002,(978) 774-7566,0.0,8
fb78d8c1-b743-3390-86bc-c219d4171c77,COMMUNITY VNA,10 EMORY STREET,ATTLEBORO,MA,02703,41.931653,-71.294503,(508) 222-0118,0.0,3
5c55fb24-e2c8-3c0a-8b52-4db1f0880e89,GVNA HEALTHCARE INC,34 PEARLY LANE,GARDNER,MA,01440,42.586516,-71.988062,(978) 632-1230,0.0,1
75b811f8-43fd-34fd-913f-325b787c1fdc,HOSPICECARE IN THE BERKSHIRES,877 SOUTH STREET  SUITE 1W,PITTSFIELD,MA,01201,42.45184,-73.260685,(413) 443-2994,0.0,7
7bdda9d4-c0fc-3795-b5e2-01f60cee8613,CARE GROUP PARMENTER HOME CARE  &  HOSPICE  INC,1 ARSENAL MARKETPLACE,WATERTOWN,MA,02472,42.369451,-71.177925,(617) 673-1700,0.0,3
2c56c9f0-694a-32c7-8e1c-2cf89eed3edd,HOSPICE AND PALLIATIVE CARE,200 MILL ROAD,FAIRHAVEN,MA,02719,41.633619,-70.871306,(508) 973-3200,0.0,2
ee58c8a3-e633-39cd-95f1-61fc82d4a2e2,HALLMARK HEALTH VNA AND HOSPICE  INC,178 SAVIN STREET  SUITE 300,MALDEN,MA,02148,42.42938,-71.058706,(617) 381-7111,0.0,2
f8b871f8-2c33-3b7b-b98f-e0851b90f35d,COMMUNITY NURSE HOME CARE  INC,62 CENTER STREET,FAIRHAVEN,MA,02719,41.633619,-70.871306,(508) 992-6278,0.0,2
664f76d3-139a-34cb-aa14-b9df9f4bd7bf,BEACON HOSPICE  AN AMEDISYS COMPANY,529 MAIN STREET  SUITE 126,CHARLESTOWN,MA,02129,42.33196,-71.020173,(617) 242-4872,0.0,3
23f7d2dc-c7dc-3df3-8350-66f9aa76310d,HOSPICE OF NASHOBA NURSING SERVICE,3 PATTERSON ROAD  SUITE 3,SHIRLEY,MA,01464,42.536468,-71.66734699999998,(978) 425-6675,0.0,2
ad073f5f-52f4-3f9c-955a-329df725d808,GUARDIAN HOSPICE  &  PALLIATIVE CARE,1214 PARK STREET SUITE 203,STOUGHTON,MA,02072,42.119006,-71.10365,(781) 341-1711,0.0,4
f11012c4-2c1d-3fd8-9663-109bb10e7bdc,HOSPICE OF FRANKLIN COUNTY  INC,329 CONWAY STREET,GREENFIELD,MA,01301,42.614671,-72.597063,(413) 774-2400,0.0,1
21c3202b-00d2-3e17-8073-4358bf8481ab,NEW ENGLAND HOSPICE II  LLC,190 OLD DERBY STREET SUITE 304,HINGHAM,MA,02043,42.233136,-70.889526,(781) 749-2900,0.0,7
196596af-40ae-3420-87d2-1c197906e219,JHC HOSPICE,629 SALISBURY STREET,WORCESTER,MA,01609,42.269478,-71.807783,(508) 713-0512,0.0,2
886bcf1a-ccd0-3d23-a4c4-18908de3783e,BEACON HOSPICE  AN AMYEDISYS COMPANY,815 WORCESTER STREET,SPRINGFIELD,MA,01151,42.115454,-72.539978,(413) 205-1229,0.0,3
945ee7a2-0a03-37b8-832f-2e9190ed5b15,FIDELIS HOSPICE,25 RAILROAD SQUARE  SUITE 501,HAVERHILL,MA,01832,42.782945,-71.087436,(978) 912-7842,0.0,1
432a992b-8b42-33e8-8a9d-090747e88814,SPECTRUM HOME HEALTH AND HOSPICE CARE,770 CONVERSE STREET,LONGMEADOW,MA,01106,42.062378,-72.498111,(413) 565-2500,0.0,1
a799a07e-5580-3e4d-9e47-db8fba81cb45,CHELSEA JEWISH HOSPICE AND PALLIATIVE CARE,123 CAPTAIN'S ROW,CHELSEA,MA,02150,42.396824,-71.031348,(617) 889-0779,0.0,5
a8632f4e-9150-3ed3-bf7c-db358302747b,HEBREW SENIORLIFE HOSPICE CARE  INC,80 NEWBRIDGE WAY,DEDHAM,MA,02026,42.246872,-71.179462,(781) 234-9950,0.0,1
eb7d9926-3b76-3ce9-931a-3f15950fdaaa,WAKEFIELD CENTER,ONE BATHOL STREET,WAKEFIELD,MA,01880,42.50436,-71.064061,7812457600,0.0,2
39a9dcff-a84a-33f2-8f43-560d4c1c49ba,EMERSON REHABILITATION & TRANSITIONAL CARE UNIT,OLD ROAD TO NINE ACRE CORNER,WEST CONCORD,MA,01742,42.451857,-71.40317900000002,9782873620,0.0,1
2c80dc5e-fb57-31b0-bf5d-a51a3100962e,DEXTER HOUSE HEALTHCARE,120 MAIN STREET,MALDEN,MA,02148,42.42938,-71.058706,7813245600,0.0,1
dd7f0a93-d383-3d60-862f-d9a68005c417,SOUTHSHORE HEALTH CARE CENTER,115 NORTH AVENUE,ROCKLAND,MA,02370,42.129251,-70.908736,7818783308,0.0,2
f0a86d32-b748-30bd-a122-957c5709b2c8,BRENTWOOD REHABILITATION AND HEALTHCARE CTR (THE),56 LIBERTY STREET,DANVERS,MA,01923,42.574174,-70.95051600000002,9787772700,0.0,2
4c63b951-4874-36e2-b9ca-61015fef4307,OXFORD REHABILITATION & HEALTH CARE CENTER  THE,689 MAIN STREET,HAVERHILL,MA,01830,42.782945,-71.087436,9783731131,0.0,2
22d957f9-f805-3139-ab25-cbfb7b58205e,RIVER TERRACE REHABILITATION AND HEALTHCARE CTR,1675 NORTH MAIN STREET,LANCASTER,MA,01523,42.483569,-71.675585,9783654537,0.0,1
3c5b38e8-637b-3ed4-807a-84bde2193abd,SHREWSBURY NURSING & REHABILITATION CENTER,40 JULIO DRIVE,SHREWSBURY,MA,01545,42.284767,-71.714228,5088456786,0.0,4
aee98155-daca-31e2-a3b8-446f2e3f1287,HILLCREST COMMONS NURSING & REHABILITATION CENTER,169 VALENTINE ROAD,PITTSFIELD,MA,01201,42.45184,-73.260685,4134452300,0.0,2
58c1e56b-78fb-3927-b56d-6fd1a1924735,BEDFORD VILLAGE CARE AND REHABILITATION CENTER LLC,9 POPE STREET,NEW BEDFORD,MA,02740,41.661303,-70.937913,5089973358,0.0,1
73cac40b-f0c7-350f-ae69-212d72a51cae,PORT HEALTHCARE CENTER,6 HALE STREET,NEWBURYPORT,MA,01950,42.812358,-70.89109499999998,9784627373,0.0,1
0346b5bd-17ad-3e5c-811c-15e6d99da050,QUABOAG REHABILITATION & SKILLED CARE FACILITY,47 EAST MAIN STREET,WEST BROOKFIELD,MA,01585,42.256691,-72.158169,5088677716,0.0,1
01f089d5-8db9-3558-80df-c44a7c3fa84c,M I NURSING & RESTORATIVE CENTER,172 LAWRENCE STREET,LAWRENCE,MA,01841,42.700273,-71.161357,9786856321,0.0,1
90f8914f-cbe5-39f2-9b50-a3db2baecbae,BLUE HILLS HEALTH AND REHABILITATION CENTER LLC,1044 PARK STREET,STOUGHTON,MA,02072,42.119006,-71.10365,7813447300,0.0,8
7f759368-2ea3-3dff-b3be-801472fdde5d,NORTH ADAMS COMMONS NURSING & REHABILITATION CENTE,175 FRANKLIN STREET,NORTH ADAMS,MA,01247,42.675549,-73.11810799999998,4136644041,0.0,5
5f46df70-9e51-342d-8716-6e2383b419e0,ATTLEBORO HEALTHCARE,27 GEORGE STREET,ATTLEBORO,MA,02703,41.931653,-71.294503,5082261650,0.0,2
e3b7c007-cb4d-35d3-893b-27e630434dc9,CHELSEA SKILLED NURSING AND REHABILITATION,932 BROADWAY,CHELSEA,MA,02150,42.396824,-71.031348,6178892250,0.0,1
ab42f3f6-1600-3b4d-be7e-8e39486e7c63,FARREN CARE CENTER,340 MOTAGUE CITY ROAD,TURNERS FALLS,MA,01376,42.597445,-72.555278,4137743111,0.0,3
13a10a06-1495-30c6-a020-2fd90cf65371,POET'S SEAT HEALTH CARE CENTER,359 HIGH STREET,GREENFIELD,MA,01301,42.614671,-72.597063,4137746318,0.0,1
c2e887de-2ded-37b5-baa8-c7f95a58c2a0,LIFE CARE CENTER OF THE SOUTH SHORE,309 DRIFTWAY BOX 830,SCITUATE,MA,02066,42.180292,-70.734385,7815451370,0.0,2
6ddfae31-a091-30f2-8d0a-67cc990c847a,SANCTA MARIA NURSING FACILITY,799 CONCORD AVENUE,CAMBRIDGE,MA,02138,42.376043,-71.11868,6178682200,0.0,3
1beea8d0-4311-371a-91ec-30ee8cc7e767,BELMONT MANOR NURSING HOME  IN,34 AGASSIZ AVENUE,BELMONT,MA,02478,42.395317,-71.180284,6174891200,0.0,2
edcdf196-833d-3f9c-8972-d9e661112374,MASCONOMET HEALTHCARE CENTER,123 HIGH STREET,TOPSFIELD,MA,01983,42.639401,-70.955279,9788877002,0.0,5
004dfb45-1599-3897-a1c0-a8023187a211,LIFE CARE CENTER OF AUBURN,14 MASONIC CIRCLE,AUBURN,MA,01501,42.198708,-71.846006,5088324800,0.0,1
c9d86e27-fedf-3836-9383-b8f26213bcfa,HATHAWAY MANOR EXTENDED CARE,863 HATHAWAY ROAD,NEW BEDFORD,MA,02740,41.661303,-70.937913,5089966763,0.0,3
4340bda4-f2ba-344a-b082-bc25f32e42f7,WINGATE AT SPRINGFIELD REHAB & SKILLED NURS RES,215 BICENTENNIAL HIGHWAY,SPRINGFIELD,MA,01118,42.115454,-72.539978,4137967511,0.0,2
dead6de2-3b7a-3b8f-bb57-5c3e5dedd9ee,LIGHTHOUSE NURSING CARE CENTER,204 PROCTOR AVENUE,REVERE,MA,02151,42.421011,-70.990358,7812863100,0.0,1
6b261db1-b441-3336-98d7-086c381d88d3,CARE ONE AT RANDOLPH,49 THOMAS PATTEN DRIVE,RANDOLPH,MA,02368,42.178993,-71.052654,7819611160,0.0,3
be9ae0d0-088e-3a81-9bec-a69fd9600306,CARE ONE AT PEABODY,199 ANDOVER STREET,PEABODY,MA,01960,42.534279,-70.969782,9785310772,0.0,1
3b863fcb-63eb-30a2-9def-ee211e550d6d,LIFE CARE CENTER OF THE NORTH SHORE,111 BIRCH STREET,LYNN,MA,01902,42.474862,-70.96218499999998,7815929667,0.0,1
e614f313-5f18-38a7-b85d-07273f197d6a,COPLEY AT STOUGHTON NURSING CARE CENTER,380 SUMNER STREET,STOUGHTON,MA,02072,42.119006,-71.10365,7813412300,0.0,1
7f13780d-3666-3f06-88b7-39eaf12b4d70,PARK PLACE REHABILITATION & SKILLED CARE CENTER,113 CENTRAL AVEUNE,HYDE PARK,MA,02136,42.33196,-71.020173,6173612388,0.0,1
4693c861-26a2-3e41-a087-8f190a980d08,MARIE ESTHER HEALTH CENTER INC,720 BOSTON POST ROAD,MARLBOROUGH,MA,01752,42.349617,-71.547214,5084853791,0.0,1
24c78a8f-8351-3577-92fa-28f8d31ef875,HARBOR HOUSE NURSING & REHABILITATION CENTER,11 CONDITO ROAD,HINGHAM,MA,02043,42.233136,-70.889526,7817494774,0.0,2
51521c38-22d2-3c78-a91d-2c6f19995046,BOSTON HOME  INC (THE),2049 DORCHESTER AVENUE,BOSTON,MA,02124,42.33196,-71.020173,6178253905,0.0,2
ee912e4e-6b4c-36f2-9d26-befa05dec019,WHITTIER BRADFORD TRANSITIONAL CARE UNIT,145 WARD HILL AVENUE,BRADFORD,MA,01835,42.65567100000001,-71.14224200000002,9783728000,0.0,4
03a8e501-702b-3f51-befa-f613db9ac4bd,ISLAND TERRACE NURSING HOME,57 LONG POINT ROAD  BOX 1237,LAKEVILLE,MA,02347,41.86001,-70.93927099999998,5089470151,0.0,1
8e949323-4441-3044-b5c9-b31075af57f3,JEANNE JUGAN RESIDENCE,186 HIGHLAND AVENUE,SOMERVILLE,MA,02143,42.390566,-71.101324,6177764420,0.0,1
125043f1-b7b2-37aa-ac31-b8bba3a4bc83,SEACOAST NURSING & REHABILITATION CENTER INC,292 WASHINGTON STREET,GLOUCESTER,MA,01930,42.62885,-70.685875,9782830300,0.0,2
42f2902a-2fa2-3dbd-b962-59ea1b32a25c,CAMBRIDGE REHABILITATION & NURSING CENTER,8 DANA STREET,CAMBRIDGE,MA,02138,42.375967,-71.118275,6178644267,0.0,1
06547dd5-6c88-32cb-90ab-9fb337146fdc,CARE ONE AT MILLBURY,312 MILLBURY AVENUE,MILLBURY,MA,01527,42.192246,-71.777649,5087930088,0.0,1
5077bc45-e145-399e-8411-2a98658b4e13,HANCOCK PARK REHABILITATION AND NURSING CENTER,164 PARKINGWAY,QUINCY,MA,02169,42.260915,-71.00939699999998,6177734222,0.0,1
aedaec8d-284d-3a29-aa26-88890dd34a94,TREMONT HEALTH CARE CENTER,605 MAIN STREET,WAREHAM,MA,02571,41.791736,-70.75787199999998,5082951040,0.0,1
0dbe1a0c-6fb3-3242-9812-f15d8a9a1162,CEDAR VIEW REHABILITATION AND HEALTHCARE CENTER,480 JACKSON STREET,METHUEN,MA,01844,42.742751,-71.178588,9786863906,0.0,2
c3a68c1c-e135-3f26-a8f3-7235308ac260,ST JOSEPH MANOR HEALTH CARE INC,215 THATCHER STREET,BROCKTON,MA,02302,42.082543,-71.024638,5085835834,0.0,2
f6a68c34-72d8-3c9b-97bb-746ac4ee9ce7,STONE REHABILITATION AND SENIOR LIVING,277 ELLIOT STREET,NEWTON UPPER FALLS,MA,02164,42.375541,-70.970646,6175270023,0.0,6
e1d22576-d1af-3ff1-b63a-fc0cc901318a,KINDRED NURSING & REHABILITATION-HARBORLIGHTS,804 EAST 7TH STREET,BOSTON,MA,02127,42.33196,-71.020173,6172688968,0.0,2
0cdf803f-9635-3edb-9b3f-6e05c4e404c4,CARE ONE AT BROOKLINE,99 PARK STREET,BROOKLINE,MA,02146,42.323853,-71.142002,6177311050,0.0,2
756d035e-5c97-307e-9a9b-e762d0663f4d,PLYMOUTH HARBORSIDE HEALTHCARE,19 OBERY STREET,PLYMOUTH,MA,02360,41.897892,-70.62403,5087474790,0.0,2
d3439ae9-cebe-3102-a894-891ba0486db5,JML CARE CENTER  INC,184 TER HEUN DRIVE,FALMOUTH,MA,02540,41.551388,-70.608847,5084574621,0.0,1
a54b3d26-2029-3e03-9d1f-63aea8bf4dbf,RIVERBEND OF SOUTH NATICK,34 SOUTH LINCOLN STREET,S NATICK,MA,01760,42.392092,-71.564949,5086538330,0.0,1
8a608787-0a24-3b90-bfd8-6cd27c9d0095,LOOMIS LAKESIDE AT REEDS LANDING,807 WILBRAHAM ROAD,SPRINGFIELD,MA,01109,42.115454,-72.539978,4137821800,0.0,2
e9052522-4939-3d2d-9c4c-404129c6efd5,VIBRA NURSING & REHABILITATION CTR OF WESTERN MASS,1400 STATE STREET,SPRINGFIELD,MA,01109,42.115454,-72.539978,4137266145,0.0,2
9a6ebd7a-6763-39de-b245-155ef06ff248,PARSONS HILL REHABILITATION & HEALTH CARE CENTER,1350 MAIN STREET,WORCESTER,MA,01603,42.269478,-71.807783,5087914200,0.0,2
92bc13c6-3e4d-372a-b1ff-0fcf7d394e4f,STONEHEDGE HEALTH CARE CENTER,5 REDLANDS ROAD,W ROXBURY,MA,02132,42.375541,-70.970646,6173276325,0.0,1
